[{"args":[{"translate":true,"type":"Entity"},{"type":"float"},{"type":"float"},{"type":"float"},{"type":"BOOL"},{"type":"BOOL"},{"type":"BOOL"},{"type":"BOOL"}],"hash":"0x06843DA7060A026B","ctx":{"type":"Entity","idx":0},"type":"ctx","name":"SET_ENTITY_COORDS"},{"args":[{"translate":true,"type":"Entity"},{"type":"int"},{"type":"int"}],"hash":"0x4F1D4BE3A7F24601","ctx":{"type":"Entity","idx":0},"type":"ctx","name":"SET_VEHICLE_COLOURS"},{"args":[{"translate":true,"type":"Player"},{"type":"int"},{"type":"BOOL"}],"hash":"0x39FF19C64EF7DA5B","ctx":{"type":"Player","idx":0},"type":"ctx","name":"SET_PLAYER_WANTED_LEVEL"},{"args":[{"translate":true,"type":"Entity"},{"translate":true,"type":"Entity"},{"type":"int"}],"hash":"0xF75B0D629E1C063D","ctx":{"type":"Entity","idx":0},"type":"ctx","name":"SET_PED_INTO_VEHICLE"},{"args":[{"translate":true,"type":"Entity"},{"type":"BOOL"}],"hash":"0x428CA6DBD1094446","ctx":{"type":"Entity","idx":0},"type":"ctx","name":"FREEZE_ENTITY_POSITION"},{"args":[{"type":"Hash"},{"type":"float"},{"type":"float"},{"type":"float"},{"type":"float"},{"type":"BOOL"},{"type":"BOOL"}],"type":"entity","hash":"0xAF35D0D2583051B0","name":"CREATE_VEHICLE"},{"args":[{"translate":true,"type":"Entity"},{"type":"float"},{"type":"float"},{"type":"float"},{"type":"int"},{"type":"BOOL"}],"hash":"0x8524A8B0171D5E07","ctx":{"type":"Entity","idx":0},"type":"ctx","name":"SET_ENTITY_ROTATION"},{"args":[{"translate":true,"type":"Entity"},{"type":"float"},{"type":"float"},{"type":"float"}],"hash":"0x1C99BB7B6E96D16F","ctx":{"type":"Entity","idx":0},"type":"ctx","name":"SET_ENTITY_VELOCITY"},{"args":[{"translate":true,"type":"Entity"},{"type":"float"}],"hash":"0x8E2530AA8ADA980E","ctx":{"type":"Entity","idx":0},"type":"ctx","name":"SET_ENTITY_HEADING"}]
