[{"name":"C:\\FXServer\\resources\\[system]\\[builders]\\webpack\\node_modules\\webpack\\buildin\\global.js","stats":{"mtime":1567270260165.9998,"size":472,"inode":844424930657676}},{"name":"C:\\FXServer\\resources\\[system]\\screenshot-basic\\node_modules\\@citizenfx\\client\\index.d.ts","stats":{"mtime":1567270304999,"size":2856,"inode":844424930664056}},{"name":"C:\\FXServer\\resources\\[system]\\screenshot-basic\\node_modules\\@citizenfx\\client\\natives_universal.d.ts","stats":{"mtime":1567270304999,"size":1166627,"inode":844424930664057}},{"name":"C:\\FXServer\\resources\\[system]\\screenshot-basic\\node_modules\\@citizenfx\\server\\index.d.ts","stats":{"mtime":1567270305272,"size":2856,"inode":844424930664080}},{"name":"C:\\FXServer\\resources\\[system]\\screenshot-basic\\node_modules\\@types\\events\\index.d.ts","stats":{"mtime":1567270307119.9998,"size":1273,"inode":844424930664093}},{"name":"C:\\FXServer\\resources\\[system]\\screenshot-basic\\node_modules\\@types\\node\\assert.d.ts","stats":{"mtime":1567270305550,"size":2898,"inode":844424930664135}},{"name":"C:\\FXServer\\resources\\[system]\\screenshot-basic\\node_modules\\@types\\node\\async_hooks.d.ts","stats":{"mtime":1567270305550,"size":5645,"inode":844424930664134}},{"name":"C:\\FXServer\\resources\\[system]\\screenshot-basic\\node_modules\\@types\\node\\base.d.ts","stats":{"mtime":1567270305550,"size":1588,"inode":844424930664138}},{"name":"C:\\FXServer\\resources\\[system]\\screenshot-basic\\node_modules\\@types\\node\\buffer.d.ts","stats":{"mtime":1567270305550,"size":535,"inode":844424930664137}},{"name":"C:\\FXServer\\resources\\[system]\\screenshot-basic\\node_modules\\@types\\node\\child_process.d.ts","stats":{"mtime":1567270305550,"size":18955,"inode":844424930664139}},{"name":"C:\\FXServer\\resources\\[system]\\screenshot-basic\\node_modules\\@types\\node\\cluster.d.ts","stats":{"mtime":1567270305550,"size":15920,"inode":844424930664136}},{"name":"C:\\FXServer\\resources\\[system]\\screenshot-basic\\node_modules\\@types\\node\\console.d.ts","stats":{"mtime":1567270305550,"size":51,"inode":844424930664140}},{"name":"C:\\FXServer\\resources\\[system]\\screenshot-basic\\node_modules\\@types\\node\\constants.d.ts","stats":{"mtime":1567270305550,"size":8933,"inode":844424930664141}},{"name":"C:\\FXServer\\resources\\[system]\\screenshot-basic\\node_modules\\@types\\node\\crypto.d.ts","stats":{"mtime":1567270305550,"size":22034,"inode":844424930664142}},{"name":"C:\\FXServer\\resources\\[system]\\screenshot-basic\\node_modules\\@types\\node\\dgram.d.ts","stats":{"mtime":1567270305550,"size":4582,"inode":844424930664143}},{"name":"C:\\FXServer\\resources\\[system]\\screenshot-basic\\node_modules\\@types\\node\\dns.d.ts","stats":{"mtime":1567270305550,"size":16070,"inode":844424930664144}},{"name":"C:\\FXServer\\resources\\[system]\\screenshot-basic\\node_modules\\@types\\node\\domain.d.ts","stats":{"mtime":1567270305550,"size":483,"inode":844424930664145}},{"name":"C:\\FXServer\\resources\\[system]\\screenshot-basic\\node_modules\\@types\\node\\events.d.ts","stats":{"mtime":1567270305550,"size":1446,"inode":844424930664148}},{"name":"C:\\FXServer\\resources\\[system]\\screenshot-basic\\node_modules\\@types\\node\\fs.d.ts","stats":{"mtime":1567270305550,"size":126178,"inode":844424930664147}},{"name":"C:\\FXServer\\resources\\[system]\\screenshot-basic\\node_modules\\@types\\node\\globals.d.ts","stats":{"mtime":1567270305550,"size":40859,"inode":844424930664146}},{"name":"C:\\FXServer\\resources\\[system]\\screenshot-basic\\node_modules\\@types\\node\\http.d.ts","stats":{"mtime":1567270305550,"size":9937,"inode":844424930664149}},{"name":"C:\\FXServer\\resources\\[system]\\screenshot-basic\\node_modules\\@types\\node\\http2.d.ts","stats":{"mtime":1567270305550,"size":50579,"inode":844424930664150}},{"name":"C:\\FXServer\\resources\\[system]\\screenshot-basic\\node_modules\\@types\\node\\https.d.ts","stats":{"mtime":1567270305550,"size":2189,"inode":844424930664151}},{"name":"C:\\FXServer\\resources\\[system]\\screenshot-basic\\node_modules\\@types\\node\\inspector.d.ts","stats":{"mtime":1567270305550,"size":123116,"inode":844424930664153}},{"name":"C:\\FXServer\\resources\\[system]\\screenshot-basic\\node_modules\\@types\\node\\module.d.ts","stats":{"mtime":1567270305550,"size":56,"inode":844424930664155}},{"name":"C:\\FXServer\\resources\\[system]\\screenshot-basic\\node_modules\\@types\\node\\net.d.ts","stats":{"mtime":1567270305550,"size":11975,"inode":844424930664156}},{"name":"C:\\FXServer\\resources\\[system]\\screenshot-basic\\node_modules\\@types\\node\\os.d.ts","stats":{"mtime":1567270305550,"size":5585,"inode":844424930664157}},{"name":"C:\\FXServer\\resources\\[system]\\screenshot-basic\\node_modules\\@types\\node\\path.d.ts","stats":{"mtime":1567270305550,"size":5920,"inode":844424930664159}},{"name":"C:\\FXServer\\resources\\[system]\\screenshot-basic\\node_modules\\@types\\node\\perf_hooks.d.ts","stats":{"mtime":1567270305550,"size":9420,"inode":844424930664160}},{"name":"C:\\FXServer\\resources\\[system]\\screenshot-basic\\node_modules\\@types\\node\\process.d.ts","stats":{"mtime":1567270305550,"size":51,"inode":844424930664161}},{"name":"C:\\FXServer\\resources\\[system]\\screenshot-basic\\node_modules\\@types\\node\\punycode.d.ts","stats":{"mtime":1567270305550,"size":375,"inode":844424930664162}},{"name":"C:\\FXServer\\resources\\[system]\\screenshot-basic\\node_modules\\@types\\node\\querystring.d.ts","stats":{"mtime":1567270305550,"size":564,"inode":844424930664165}},{"name":"C:\\FXServer\\resources\\[system]\\screenshot-basic\\node_modules\\@types\\node\\readline.d.ts","stats":{"mtime":1567270305550,"size":6052,"inode":844424930664163}},{"name":"C:\\FXServer\\resources\\[system]\\screenshot-basic\\node_modules\\@types\\node\\repl.d.ts","stats":{"mtime":1567270305550,"size":17185,"inode":844424930664166}},{"name":"C:\\FXServer\\resources\\[system]\\screenshot-basic\\node_modules\\@types\\node\\stream.d.ts","stats":{"mtime":1567270305550,"size":16419,"inode":844424930664167}},{"name":"C:\\FXServer\\resources\\[system]\\screenshot-basic\\node_modules\\@types\\node\\string_decoder.d.ts","stats":{"mtime":1567270305550,"size":238,"inode":844424930664168}},{"name":"C:\\FXServer\\resources\\[system]\\screenshot-basic\\node_modules\\@types\\node\\timers.d.ts","stats":{"mtime":1567270305550,"size":826,"inode":844424930664171}},{"name":"C:\\FXServer\\resources\\[system]\\screenshot-basic\\node_modules\\@types\\node\\tls.d.ts","stats":{"mtime":1567270305550,"size":18250,"inode":844424930664169}},{"name":"C:\\FXServer\\resources\\[system]\\screenshot-basic\\node_modules\\@types\\node\\trace_events.d.ts","stats":{"mtime":1567270305550,"size":2122,"inode":844424930664170}},{"name":"C:\\FXServer\\resources\\[system]\\screenshot-basic\\node_modules\\@types\\node\\ts3.2\\globals.d.ts","stats":{"mtime":1567270305550,"size":171,"inode":844424930667353}},{"name":"C:\\FXServer\\resources\\[system]\\screenshot-basic\\node_modules\\@types\\node\\ts3.2\\index.d.ts","stats":{"mtime":1567270305550,"size":886,"inode":844424930667355}},{"name":"C:\\FXServer\\resources\\[system]\\screenshot-basic\\node_modules\\@types\\node\\ts3.2\\util.d.ts","stats":{"mtime":1567270305550,"size":416,"inode":844424930667356}},{"name":"C:\\FXServer\\resources\\[system]\\screenshot-basic\\node_modules\\@types\\node\\tty.d.ts","stats":{"mtime":1567270305550,"size":460,"inode":844424930664173}},{"name":"C:\\FXServer\\resources\\[system]\\screenshot-basic\\node_modules\\@types\\node\\url.d.ts","stats":{"mtime":1567270305550,"size":3544,"inode":844424930664172}},{"name":"C:\\FXServer\\resources\\[system]\\screenshot-basic\\node_modules\\@types\\node\\util.d.ts","stats":{"mtime":1567270305550,"size":11613,"inode":844424930664175}},{"name":"C:\\FXServer\\resources\\[system]\\screenshot-basic\\node_modules\\@types\\node\\v8.d.ts","stats":{"mtime":1567270305550,"size":890,"inode":844424930664174}},{"name":"C:\\FXServer\\resources\\[system]\\screenshot-basic\\node_modules\\@types\\node\\vm.d.ts","stats":{"mtime":1567270305550,"size":2475,"inode":844424930664176}},{"name":"C:\\FXServer\\resources\\[system]\\screenshot-basic\\node_modules\\@types\\node\\worker_threads.d.ts","stats":{"mtime":1567270305550,"size":5870,"inode":844424930664177}},{"name":"C:\\FXServer\\resources\\[system]\\screenshot-basic\\node_modules\\@types\\node\\zlib.d.ts","stats":{"mtime":1567270305550,"size":6222,"inode":844424930664179}},{"name":"C:\\FXServer\\resources\\[system]\\screenshot-basic\\node_modules\\typescript\\lib\\lib.es2015.collection.d.ts","stats":{"mtime":1567270308602,"size":2924,"inode":844424930668511}},{"name":"C:\\FXServer\\resources\\[system]\\screenshot-basic\\node_modules\\typescript\\lib\\lib.es2015.core.d.ts","stats":{"mtime":1567270308602,"size":20413,"inode":844424930668510}},{"name":"C:\\FXServer\\resources\\[system]\\screenshot-basic\\node_modules\\typescript\\lib\\lib.es2015.d.ts","stats":{"mtime":1567270308602,"size":1261,"inode":844424930668513}},{"name":"C:\\FXServer\\resources\\[system]\\screenshot-basic\\node_modules\\typescript\\lib\\lib.es2015.generator.d.ts","stats":{"mtime":1567270308602,"size":2621,"inode":844424930668512}},{"name":"C:\\FXServer\\resources\\[system]\\screenshot-basic\\node_modules\\typescript\\lib\\lib.es2015.iterable.d.ts","stats":{"mtime":1567270308602,"size":15415,"inode":844424930668514}},{"name":"C:\\FXServer\\resources\\[system]\\screenshot-basic\\node_modules\\typescript\\lib\\lib.es2015.promise.d.ts","stats":{"mtime":1567270308602,"size":7263,"inode":844424930668516}},{"name":"C:\\FXServer\\resources\\[system]\\screenshot-basic\\node_modules\\typescript\\lib\\lib.es2015.proxy.d.ts","stats":{"mtime":1567270308602,"size":1984,"inode":844424930668515}},{"name":"C:\\FXServer\\resources\\[system]\\screenshot-basic\\node_modules\\typescript\\lib\\lib.es2015.reflect.d.ts","stats":{"mtime":1567270308602,"size":1929,"inode":844424930668517}},{"name":"C:\\FXServer\\resources\\[system]\\screenshot-basic\\node_modules\\typescript\\lib\\lib.es2015.symbol.d.ts","stats":{"mtime":1567270308602,"size":1685,"inode":844424930668518}},{"name":"C:\\FXServer\\resources\\[system]\\screenshot-basic\\node_modules\\typescript\\lib\\lib.es2015.symbol.wellknown.d.ts","stats":{"mtime":1567270308602,"size":10555,"inode":844424930668519}},{"name":"C:\\FXServer\\resources\\[system]\\screenshot-basic\\node_modules\\typescript\\lib\\lib.es2016.array.include.d.ts","stats":{"mtime":1567270308602,"size":4968,"inode":844424930668520}},{"name":"C:\\FXServer\\resources\\[system]\\screenshot-basic\\node_modules\\typescript\\lib\\lib.es2016.d.ts","stats":{"mtime":1567270308602,"size":939,"inode":844424930668521}},{"name":"C:\\FXServer\\resources\\[system]\\screenshot-basic\\node_modules\\typescript\\lib\\lib.es2017.d.ts","stats":{"mtime":1567270308602,"size":1099,"inode":844424930668523}},{"name":"C:\\FXServer\\resources\\[system]\\screenshot-basic\\node_modules\\typescript\\lib\\lib.es2017.intl.d.ts","stats":{"mtime":1567270308602,"size":1266,"inode":844424930668525}},{"name":"C:\\FXServer\\resources\\[system]\\screenshot-basic\\node_modules\\typescript\\lib\\lib.es2017.object.d.ts","stats":{"mtime":1567270308602,"size":2493,"inode":844424930668526}},{"name":"C:\\FXServer\\resources\\[system]\\screenshot-basic\\node_modules\\typescript\\lib\\lib.es2017.sharedmemory.d.ts","stats":{"mtime":1567270308602,"size":6270,"inode":844424930668527}},{"name":"C:\\FXServer\\resources\\[system]\\screenshot-basic\\node_modules\\typescript\\lib\\lib.es2017.string.d.ts","stats":{"mtime":1567270308602,"size":2415,"inode":844424930668528}},{"name":"C:\\FXServer\\resources\\[system]\\screenshot-basic\\node_modules\\typescript\\lib\\lib.es2017.typedarrays.d.ts","stats":{"mtime":1567270308602,"size":1470,"inode":844424930668529}},{"name":"C:\\FXServer\\resources\\[system]\\screenshot-basic\\node_modules\\typescript\\lib\\lib.es2018.asyncgenerator.d.ts","stats":{"mtime":1567270308602,"size":2777,"inode":844424930668531}},{"name":"C:\\FXServer\\resources\\[system]\\screenshot-basic\\node_modules\\typescript\\lib\\lib.es2018.asynciterable.d.ts","stats":{"mtime":1567270308602,"size":1801,"inode":844424930668530}},{"name":"C:\\FXServer\\resources\\[system]\\screenshot-basic\\node_modules\\typescript\\lib\\lib.es2018.d.ts","stats":{"mtime":1567270308602,"size":1104,"inode":844424930668533}},{"name":"C:\\FXServer\\resources\\[system]\\screenshot-basic\\node_modules\\typescript\\lib\\lib.es2018.intl.d.ts","stats":{"mtime":1567270308602,"size":1853,"inode":844424930668534}},{"name":"C:\\FXServer\\resources\\[system]\\screenshot-basic\\node_modules\\typescript\\lib\\lib.es2018.promise.d.ts","stats":{"mtime":1567270308602,"size":1374,"inode":844424930668535}},{"name":"C:\\FXServer\\resources\\[system]\\screenshot-basic\\node_modules\\typescript\\lib\\lib.es2018.regexp.d.ts","stats":{"mtime":1567270308602,"size":1255,"inode":844424930668536}},{"name":"C:\\FXServer\\resources\\[system]\\screenshot-basic\\node_modules\\typescript\\lib\\lib.es5.d.ts","stats":{"mtime":1567270308602,"size":207082,"inode":844424930668549}},{"name":"C:\\FXServer\\resources\\[system]\\screenshot-basic\\node_modules\\typescript\\lib\\lib.esnext.bigint.d.ts","stats":{"mtime":1567270308602,"size":31338,"inode":844424930668551}},{"name":"C:\\FXServer\\resources\\[system]\\screenshot-basic\\node_modules\\typescript\\lib\\lib.esnext.intl.d.ts","stats":{"mtime":1567270308602,"size":1268,"inode":844424930668554}},{"name":"C:\\FXServer\\resources\\[system]\\screenshot-basic\\src\\client\\client.ts","stats":{"mtime":1547563432000,"size":2072,"inode":844424930646831}}]