[{"name":"C:\\FXServer\\resources\\[system]\\[builders]\\webpack\\node_modules\\webpack\\buildin\\module.js","stats":{"mtime":1567270260165.9998,"size":497,"inode":844424930657675}},{"name":"C:\\FXServer\\resources\\[system]\\screenshot-basic\\node_modules\\@citizenfx\\client\\index.d.ts","stats":{"mtime":1567270304999,"size":2856,"inode":844424930664056}},{"name":"C:\\FXServer\\resources\\[system]\\screenshot-basic\\node_modules\\@citizenfx\\client\\natives_universal.d.ts","stats":{"mtime":1567270304999,"size":1166627,"inode":844424930664057}},{"name":"C:\\FXServer\\resources\\[system]\\screenshot-basic\\node_modules\\@citizenfx\\http-wrapper\\index.js","stats":{"mtime":1567270305002,"size":5647,"inode":844424930664072}},{"name":"C:\\FXServer\\resources\\[system]\\screenshot-basic\\node_modules\\@citizenfx\\server\\index.d.ts","stats":{"mtime":1567270305272,"size":2856,"inode":844424930664080}},{"name":"C:\\FXServer\\resources\\[system]\\screenshot-basic\\node_modules\\@types\\accepts\\index.d.ts","stats":{"mtime":1567270305320,"size":4617,"inode":844424930664061}},{"name":"C:\\FXServer\\resources\\[system]\\screenshot-basic\\node_modules\\@types\\body-parser\\index.d.ts","stats":{"mtime":1567270305475,"size":1824,"inode":844424930664256}},{"name":"C:\\FXServer\\resources\\[system]\\screenshot-basic\\node_modules\\@types\\connect\\index.d.ts","stats":{"mtime":1567270305405.9998,"size":3415,"inode":844424930664086}},{"name":"C:\\FXServer\\resources\\[system]\\screenshot-basic\\node_modules\\@types\\cookies\\index.d.ts","stats":{"mtime":1567270305386,"size":5807,"inode":844424930664089}},{"name":"C:\\FXServer\\resources\\[system]\\screenshot-basic\\node_modules\\@types\\events\\index.d.ts","stats":{"mtime":1567270307119.9998,"size":1273,"inode":844424930664093}},{"name":"C:\\FXServer\\resources\\[system]\\screenshot-basic\\node_modules\\@types\\express-serve-static-core\\index.d.ts","stats":{"mtime":1567270305453,"size":34848,"inode":844424930664101}},{"name":"C:\\FXServer\\resources\\[system]\\screenshot-basic\\node_modules\\@types\\express\\index.d.ts","stats":{"mtime":1567270305410,"size":3551,"inode":844424930664098}},{"name":"C:\\FXServer\\resources\\[system]\\screenshot-basic\\node_modules\\@types\\formidable\\index.d.ts","stats":{"mtime":1567270307032,"size":1384,"inode":844424930664108}},{"name":"C:\\FXServer\\resources\\[system]\\screenshot-basic\\node_modules\\@types\\http-assert\\index.d.ts","stats":{"mtime":1567270305303,"size":1885,"inode":844424930664117}},{"name":"C:\\FXServer\\resources\\[system]\\screenshot-basic\\node_modules\\@types\\keygrip\\index.d.ts","stats":{"mtime":1567270305366,"size":610,"inode":844424930664110}},{"name":"C:\\FXServer\\resources\\[system]\\screenshot-basic\\node_modules\\@types\\koa-compose\\index.d.ts","stats":{"mtime":1567270305368,"size":2628,"inode":844424930664120}},{"name":"C:\\FXServer\\resources\\[system]\\screenshot-basic\\node_modules\\@types\\koa-router\\index.d.ts","stats":{"mtime":1567270305502,"size":17004,"inode":844424930664235}},{"name":"C:\\FXServer\\resources\\[system]\\screenshot-basic\\node_modules\\@types\\koa\\index.d.ts","stats":{"mtime":1567270305283,"size":18747,"inode":844424930664115}},{"name":"C:\\FXServer\\resources\\[system]\\screenshot-basic\\node_modules\\@types\\mime\\index.d.ts","stats":{"mtime":1567270305494.9998,"size":627,"inode":844424930664245}},{"name":"C:\\FXServer\\resources\\[system]\\screenshot-basic\\node_modules\\@types\\mv\\index.d.ts","stats":{"mtime":1567270305522,"size":538,"inode":844424930664130}},{"name":"C:\\FXServer\\resources\\[system]\\screenshot-basic\\node_modules\\@types\\range-parser\\index.d.ts","stats":{"mtime":1567270305479,"size":1224,"inode":844424930664178}},{"name":"C:\\FXServer\\resources\\[system]\\screenshot-basic\\node_modules\\@types\\serve-static\\index.d.ts","stats":{"mtime":1567270305477,"size":4479,"inode":844424930664126}},{"name":"C:\\FXServer\\resources\\[system]\\screenshot-basic\\node_modules\\@types\\uuid\\interfaces.d.ts","stats":{"mtime":1567270305554,"size":1014,"inode":844424930664255}},{"name":"C:\\FXServer\\resources\\[system]\\screenshot-basic\\node_modules\\@types\\uuid\\node_modules\\@types\\node\\assert.d.ts","stats":{"mtime":1567270305448.9998,"size":2950,"inode":844424930664308}},{"name":"C:\\FXServer\\resources\\[system]\\screenshot-basic\\node_modules\\@types\\uuid\\node_modules\\@types\\node\\async_hooks.d.ts","stats":{"mtime":1567270305448.9998,"size":5291,"inode":844424930664309}},{"name":"C:\\FXServer\\resources\\[system]\\screenshot-basic\\node_modules\\@types\\uuid\\node_modules\\@types\\node\\base.d.ts","stats":{"mtime":1567270305448.9998,"size":1588,"inode":844424930664311}},{"name":"C:\\FXServer\\resources\\[system]\\screenshot-basic\\node_modules\\@types\\uuid\\node_modules\\@types\\node\\buffer.d.ts","stats":{"mtime":1567270305448.9998,"size":706,"inode":844424930664310}},{"name":"C:\\FXServer\\resources\\[system]\\screenshot-basic\\node_modules\\@types\\uuid\\node_modules\\@types\\node\\child_process.d.ts","stats":{"mtime":1567270305448.9998,"size":19866,"inode":844424930664312}},{"name":"C:\\FXServer\\resources\\[system]\\screenshot-basic\\node_modules\\@types\\uuid\\node_modules\\@types\\node\\cluster.d.ts","stats":{"mtime":1567270305448.9998,"size":16049,"inode":844424930664313}},{"name":"C:\\FXServer\\resources\\[system]\\screenshot-basic\\node_modules\\@types\\uuid\\node_modules\\@types\\node\\console.d.ts","stats":{"mtime":1567270305448.9998,"size":51,"inode":844424930664314}},{"name":"C:\\FXServer\\resources\\[system]\\screenshot-basic\\node_modules\\@types\\uuid\\node_modules\\@types\\node\\constants.d.ts","stats":{"mtime":1567270305448.9998,"size":8902,"inode":844424930664315}},{"name":"C:\\FXServer\\resources\\[system]\\screenshot-basic\\node_modules\\@types\\uuid\\node_modules\\@types\\node\\crypto.d.ts","stats":{"mtime":1567270305448.9998,"size":29597,"inode":844424930664316}},{"name":"C:\\FXServer\\resources\\[system]\\screenshot-basic\\node_modules\\@types\\uuid\\node_modules\\@types\\node\\dgram.d.ts","stats":{"mtime":1567270305448.9998,"size":4669,"inode":844424930664317}},{"name":"C:\\FXServer\\resources\\[system]\\screenshot-basic\\node_modules\\@types\\uuid\\node_modules\\@types\\node\\dns.d.ts","stats":{"mtime":1567270305448.9998,"size":16002,"inode":844424930664318}},{"name":"C:\\FXServer\\resources\\[system]\\screenshot-basic\\node_modules\\@types\\uuid\\node_modules\\@types\\node\\domain.d.ts","stats":{"mtime":1567270305448.9998,"size":568,"inode":844424930664319}},{"name":"C:\\FXServer\\resources\\[system]\\screenshot-basic\\node_modules\\@types\\uuid\\node_modules\\@types\\node\\events.d.ts","stats":{"mtime":1567270305448.9998,"size":1532,"inode":844424930664320}},{"name":"C:\\FXServer\\resources\\[system]\\screenshot-basic\\node_modules\\@types\\uuid\\node_modules\\@types\\node\\fs.d.ts","stats":{"mtime":1567270305448.9998,"size":126132,"inode":844424930664322}},{"name":"C:\\FXServer\\resources\\[system]\\screenshot-basic\\node_modules\\@types\\uuid\\node_modules\\@types\\node\\globals.d.ts","stats":{"mtime":1567270305448.9998,"size":46765,"inode":844424930664321}},{"name":"C:\\FXServer\\resources\\[system]\\screenshot-basic\\node_modules\\@types\\uuid\\node_modules\\@types\\node\\http.d.ts","stats":{"mtime":1567270305448.9998,"size":16711,"inode":844424930664326}},{"name":"C:\\FXServer\\resources\\[system]\\screenshot-basic\\node_modules\\@types\\uuid\\node_modules\\@types\\node\\http2.d.ts","stats":{"mtime":1567270305448.9998,"size":56517,"inode":844424930664323}},{"name":"C:\\FXServer\\resources\\[system]\\screenshot-basic\\node_modules\\@types\\uuid\\node_modules\\@types\\node\\https.d.ts","stats":{"mtime":1567270305448.9998,"size":2325,"inode":844424930664324}},{"name":"C:\\FXServer\\resources\\[system]\\screenshot-basic\\node_modules\\@types\\uuid\\node_modules\\@types\\node\\inspector.d.ts","stats":{"mtime":1567270305448.9998,"size":121692,"inode":844424930664325}},{"name":"C:\\FXServer\\resources\\[system]\\screenshot-basic\\node_modules\\@types\\uuid\\node_modules\\@types\\node\\module.d.ts","stats":{"mtime":1567270305448.9998,"size":56,"inode":844424930664329}},{"name":"C:\\FXServer\\resources\\[system]\\screenshot-basic\\node_modules\\@types\\uuid\\node_modules\\@types\\node\\net.d.ts","stats":{"mtime":1567270305448.9998,"size":11867,"inode":844424930664330}},{"name":"C:\\FXServer\\resources\\[system]\\screenshot-basic\\node_modules\\@types\\uuid\\node_modules\\@types\\node\\os.d.ts","stats":{"mtime":1567270305448.9998,"size":5736,"inode":1407374884085643}},{"name":"C:\\FXServer\\resources\\[system]\\screenshot-basic\\node_modules\\@types\\uuid\\node_modules\\@types\\node\\path.d.ts","stats":{"mtime":1567270305448.9998,"size":5932,"inode":844424930664333}},{"name":"C:\\FXServer\\resources\\[system]\\screenshot-basic\\node_modules\\@types\\uuid\\node_modules\\@types\\node\\perf_hooks.d.ts","stats":{"mtime":1567270305448.9998,"size":11188,"inode":844424930664335}},{"name":"C:\\FXServer\\resources\\[system]\\screenshot-basic\\node_modules\\@types\\uuid\\node_modules\\@types\\node\\process.d.ts","stats":{"mtime":1567270305448.9998,"size":51,"inode":844424930664336}},{"name":"C:\\FXServer\\resources\\[system]\\screenshot-basic\\node_modules\\@types\\uuid\\node_modules\\@types\\node\\punycode.d.ts","stats":{"mtime":1567270305448.9998,"size":378,"inode":844424930664334}},{"name":"C:\\FXServer\\resources\\[system]\\screenshot-basic\\node_modules\\@types\\uuid\\node_modules\\@types\\node\\querystring.d.ts","stats":{"mtime":1567270305448.9998,"size":1117,"inode":844424930664337}},{"name":"C:\\FXServer\\resources\\[system]\\screenshot-basic\\node_modules\\@types\\uuid\\node_modules\\@types\\node\\readline.d.ts","stats":{"mtime":1567270305448.9998,"size":6604,"inode":844424930664340}},{"name":"C:\\FXServer\\resources\\[system]\\screenshot-basic\\node_modules\\@types\\uuid\\node_modules\\@types\\node\\repl.d.ts","stats":{"mtime":1567270305448.9998,"size":17736,"inode":844424930664339}},{"name":"C:\\FXServer\\resources\\[system]\\screenshot-basic\\node_modules\\@types\\uuid\\node_modules\\@types\\node\\stream.d.ts","stats":{"mtime":1567270305448.9998,"size":16957,"inode":844424930664341}},{"name":"C:\\FXServer\\resources\\[system]\\screenshot-basic\\node_modules\\@types\\uuid\\node_modules\\@types\\node\\string_decoder.d.ts","stats":{"mtime":1567270305448.9998,"size":185,"inode":1125899907374998}},{"name":"C:\\FXServer\\resources\\[system]\\screenshot-basic\\node_modules\\@types\\uuid\\node_modules\\@types\\node\\timers.d.ts","stats":{"mtime":1567270305448.9998,"size":826,"inode":844424930664343}},{"name":"C:\\FXServer\\resources\\[system]\\screenshot-basic\\node_modules\\@types\\uuid\\node_modules\\@types\\node\\tls.d.ts","stats":{"mtime":1567270305448.9998,"size":21079,"inode":844424930664344}},{"name":"C:\\FXServer\\resources\\[system]\\screenshot-basic\\node_modules\\@types\\uuid\\node_modules\\@types\\node\\trace_events.d.ts","stats":{"mtime":1567270305448.9998,"size":2122,"inode":844424930664345}},{"name":"C:\\FXServer\\resources\\[system]\\screenshot-basic\\node_modules\\@types\\uuid\\node_modules\\@types\\node\\ts3.2\\globals.d.ts","stats":{"mtime":1567270305448.9998,"size":640,"inode":844424930667437}},{"name":"C:\\FXServer\\resources\\[system]\\screenshot-basic\\node_modules\\@types\\uuid\\node_modules\\@types\\node\\ts3.2\\index.d.ts","stats":{"mtime":1567270305448.9998,"size":886,"inode":844424930667440}},{"name":"C:\\FXServer\\resources\\[system]\\screenshot-basic\\node_modules\\@types\\uuid\\node_modules\\@types\\node\\ts3.2\\util.d.ts","stats":{"mtime":1567270305448.9998,"size":416,"inode":844424930667441}},{"name":"C:\\FXServer\\resources\\[system]\\screenshot-basic\\node_modules\\@types\\uuid\\node_modules\\@types\\node\\tty.d.ts","stats":{"mtime":1567270305448.9998,"size":2381,"inode":844424930664348}},{"name":"C:\\FXServer\\resources\\[system]\\screenshot-basic\\node_modules\\@types\\uuid\\node_modules\\@types\\node\\url.d.ts","stats":{"mtime":1567270305448.9998,"size":3562,"inode":844424930664347}},{"name":"C:\\FXServer\\resources\\[system]\\screenshot-basic\\node_modules\\@types\\uuid\\node_modules\\@types\\node\\util.d.ts","stats":{"mtime":1567270305448.9998,"size":11255,"inode":844424930664350}},{"name":"C:\\FXServer\\resources\\[system]\\screenshot-basic\\node_modules\\@types\\uuid\\node_modules\\@types\\node\\v8.d.ts","stats":{"mtime":1567270305448.9998,"size":2010,"inode":844424930664351}},{"name":"C:\\FXServer\\resources\\[system]\\screenshot-basic\\node_modules\\@types\\uuid\\node_modules\\@types\\node\\vm.d.ts","stats":{"mtime":1567270305448.9998,"size":3701,"inode":844424930664349}},{"name":"C:\\FXServer\\resources\\[system]\\screenshot-basic\\node_modules\\@types\\uuid\\node_modules\\@types\\node\\worker_threads.d.ts","stats":{"mtime":1567270305448.9998,"size":7325,"inode":844424930664346}},{"name":"C:\\FXServer\\resources\\[system]\\screenshot-basic\\node_modules\\@types\\uuid\\node_modules\\@types\\node\\zlib.d.ts","stats":{"mtime":1567270305448.9998,"size":12194,"inode":844424930664352}},{"name":"C:\\FXServer\\resources\\[system]\\screenshot-basic\\node_modules\\@types\\uuid\\v4.d.ts","stats":{"mtime":1567270305554,"size":72,"inode":844424930664260}},{"name":"C:\\FXServer\\resources\\[system]\\screenshot-basic\\node_modules\\accepts\\index.js","stats":{"mtime":1567270306764,"size":5252,"inode":232216855786291260}},{"name":"C:\\FXServer\\resources\\[system]\\screenshot-basic\\node_modules\\any-promise\\index.js","stats":{"mtime":1567270306964,"size":49,"inode":844424930663689}},{"name":"C:\\FXServer\\resources\\[system]\\screenshot-basic\\node_modules\\any-promise\\loader.js","stats":{"mtime":1567270306964,"size":2581,"inode":844424930663690}},{"name":"C:\\FXServer\\resources\\[system]\\screenshot-basic\\node_modules\\any-promise\\register.js","stats":{"mtime":1567270306964,"size":2910,"inode":844424930663697}},{"name":"C:\\FXServer\\resources\\[system]\\screenshot-basic\\node_modules\\array.prototype.flatmap\\implementation.js","stats":{"mtime":1567270304987,"size":1762,"inode":844424930663727}},{"name":"C:\\FXServer\\resources\\[system]\\screenshot-basic\\node_modules\\array.prototype.flatmap\\index.js","stats":{"mtime":1567270304987,"size":435,"inode":844424930663728}},{"name":"C:\\FXServer\\resources\\[system]\\screenshot-basic\\node_modules\\array.prototype.flatmap\\polyfill.js","stats":{"mtime":1567270304987,"size":162,"inode":844424930663731}},{"name":"C:\\FXServer\\resources\\[system]\\screenshot-basic\\node_modules\\array.prototype.flatmap\\shim.js","stats":{"mtime":1567270304987,"size":327,"inode":844424930663733}},{"name":"C:\\FXServer\\resources\\[system]\\screenshot-basic\\node_modules\\balanced-match\\index.js","stats":{"mtime":1567270269839,"size":1174,"inode":844424930663747}},{"name":"C:\\FXServer\\resources\\[system]\\screenshot-basic\\node_modules\\brace-expansion\\index.js","stats":{"mtime":1567270269239,"size":4792,"inode":844424930663826}},{"name":"C:\\FXServer\\resources\\[system]\\screenshot-basic\\node_modules\\bytes\\index.js","stats":{"mtime":1567270307219.0002,"size":3469,"inode":844424930663845}},{"name":"C:\\FXServer\\resources\\[system]\\screenshot-basic\\node_modules\\cache-content-type\\index.js","stats":{"mtime":1567270306594.0002,"size":317,"inode":844424930663861}},{"name":"C:\\FXServer\\resources\\[system]\\screenshot-basic\\node_modules\\co-body\\index.js","stats":{"mtime":1567270307023,"size":163,"inode":844424930663924}},{"name":"C:\\FXServer\\resources\\[system]\\screenshot-basic\\node_modules\\co-body\\lib\\any.js","stats":{"mtime":1567270307023,"size":1204,"inode":844424930667304}},{"name":"C:\\FXServer\\resources\\[system]\\screenshot-basic\\node_modules\\co-body\\lib\\form.js","stats":{"mtime":1567270307023,"size":1365,"inode":844424930667306}},{"name":"C:\\FXServer\\resources\\[system]\\screenshot-basic\\node_modules\\co-body\\lib\\json.js","stats":{"mtime":1567270307023,"size":1621,"inode":844424930667311}},{"name":"C:\\FXServer\\resources\\[system]\\screenshot-basic\\node_modules\\co-body\\lib\\text.js","stats":{"mtime":1567270307023,"size":1054,"inode":844424930667308}},{"name":"C:\\FXServer\\resources\\[system]\\screenshot-basic\\node_modules\\co-body\\lib\\utils.js","stats":{"mtime":1567270307023,"size":189,"inode":844424930667317}},{"name":"C:\\FXServer\\resources\\[system]\\screenshot-basic\\node_modules\\co\\index.js","stats":{"mtime":1567270306913.0002,"size":5036,"inode":844424930663909}},{"name":"C:\\FXServer\\resources\\[system]\\screenshot-basic\\node_modules\\concat-map\\index.js","stats":{"mtime":1567270269844.0002,"size":345,"inode":844424930663948}},{"name":"C:\\FXServer\\resources\\[system]\\screenshot-basic\\node_modules\\content-disposition\\index.js","stats":{"mtime":1567270306584.0002,"size":10594,"inode":844424930664045}},{"name":"C:\\FXServer\\resources\\[system]\\screenshot-basic\\node_modules\\content-disposition\\node_modules\\safe-buffer\\index.js","stats":{"mtime":1567270265861,"size":1529,"inode":844424930664053}},{"name":"C:\\FXServer\\resources\\[system]\\screenshot-basic\\node_modules\\content-type\\index.js","stats":{"mtime":1567270306601,"size":4809,"inode":844424930663996}},{"name":"C:\\FXServer\\resources\\[system]\\screenshot-basic\\node_modules\\cookies\\index.js","stats":{"mtime":1567270306619,"size":6087,"inode":844424930664012}},{"name":"C:\\FXServer\\resources\\[system]\\screenshot-basic\\node_modules\\deep-equal\\index.js","stats":{"mtime":1567270306981,"size":3051,"inode":844424930664694}},{"name":"C:\\FXServer\\resources\\[system]\\screenshot-basic\\node_modules\\deep-equal\\lib\\is_arguments.js","stats":{"mtime":1567270306981,"size":641,"inode":844424930667487}},{"name":"C:\\FXServer\\resources\\[system]\\screenshot-basic\\node_modules\\deep-equal\\lib\\keys.js","stats":{"mtime":1567270306981,"size":202,"inode":844424930667488}},{"name":"C:\\FXServer\\resources\\[system]\\screenshot-basic\\node_modules\\define-properties\\index.js","stats":{"mtime":1567270304993,"size":1608,"inode":844424930664703}},{"name":"C:\\FXServer\\resources\\[system]\\screenshot-basic\\node_modules\\delegates\\index.js","stats":{"mtime":1567270270335,"size":2065,"inode":844424930664709}},{"name":"C:\\FXServer\\resources\\[system]\\screenshot-basic\\node_modules\\depd\\index.js","stats":{"mtime":1567270306655,"size":10669,"inode":1407374884086031}},{"name":"C:\\FXServer\\resources\\[system]\\screenshot-basic\\node_modules\\depd\\lib\\compat\\callsite-tostring.js","stats":{"mtime":1567270306655,"size":2229,"inode":844424930669276}},{"name":"C:\\FXServer\\resources\\[system]\\screenshot-basic\\node_modules\\depd\\lib\\compat\\event-listener-count.js","stats":{"mtime":1567270306655,"size":338,"inode":844424930669278}},{"name":"C:\\FXServer\\resources\\[system]\\screenshot-basic\\node_modules\\depd\\lib\\compat\\index.js","stats":{"mtime":1567270306655,"size":1421,"inode":844424930669277}},{"name":"C:\\FXServer\\resources\\[system]\\screenshot-basic\\node_modules\\destroy\\index.js","stats":{"mtime":1567270306665.9998,"size":1043,"inode":844424930664737}},{"name":"C:\\FXServer\\resources\\[system]\\screenshot-basic\\node_modules\\ee-first\\index.js","stats":{"mtime":1567270306935,"size":1684,"inode":1407374884086077}},{"name":"C:\\FXServer\\resources\\[system]\\screenshot-basic\\node_modules\\error-inject\\index.js","stats":{"mtime":1567270306673,"size":216,"inode":844424930664791}},{"name":"C:\\FXServer\\resources\\[system]\\screenshot-basic\\node_modules\\es-abstract\\GetIntrinsic.js","stats":{"mtime":1567270304978,"size":8579,"inode":844424930664836}},{"name":"C:\\FXServer\\resources\\[system]\\screenshot-basic\\node_modules\\es-abstract\\es2015.js","stats":{"mtime":1567270304978,"size":24830,"inode":844424930664828}},{"name":"C:\\FXServer\\resources\\[system]\\screenshot-basic\\node_modules\\es-abstract\\es2016.js","stats":{"mtime":1567270304978,"size":454,"inode":844424930664827}},{"name":"C:\\FXServer\\resources\\[system]\\screenshot-basic\\node_modules\\es-abstract\\es2017.js","stats":{"mtime":1567270304978,"size":1594,"inode":844424930664831}},{"name":"C:\\FXServer\\resources\\[system]\\screenshot-basic\\node_modules\\es-abstract\\es5.js","stats":{"mtime":1567270304978,"size":6302,"inode":844424930664834}},{"name":"C:\\FXServer\\resources\\[system]\\screenshot-basic\\node_modules\\es-abstract\\helpers\\assertRecord.js","stats":{"mtime":1567270304978,"size":1402,"inode":844424930667586}},{"name":"C:\\FXServer\\resources\\[system]\\screenshot-basic\\node_modules\\es-abstract\\helpers\\assign.js","stats":{"mtime":1567270304978,"size":351,"inode":844424930667589}},{"name":"C:\\FXServer\\resources\\[system]\\screenshot-basic\\node_modules\\es-abstract\\helpers\\forEach.js","stats":{"mtime":1567270304978,"size":151,"inode":844424930667588}},{"name":"C:\\FXServer\\resources\\[system]\\screenshot-basic\\node_modules\\es-abstract\\helpers\\isFinite.js","stats":{"mtime":1567270304978,"size":199,"inode":844424930667594}},{"name":"C:\\FXServer\\resources\\[system]\\screenshot-basic\\node_modules\\es-abstract\\helpers\\isNaN.js","stats":{"mtime":1567270304978,"size":73,"inode":844424930667590}},{"name":"C:\\FXServer\\resources\\[system]\\screenshot-basic\\node_modules\\es-abstract\\helpers\\isPrimitive.js","stats":{"mtime":1567270304978,"size":136,"inode":844424930667591}},{"name":"C:\\FXServer\\resources\\[system]\\screenshot-basic\\node_modules\\es-abstract\\helpers\\mod.js","stats":{"mtime":1567270304978,"size":142,"inode":844424930667592}},{"name":"C:\\FXServer\\resources\\[system]\\screenshot-basic\\node_modules\\es-abstract\\helpers\\sign.js","stats":{"mtime":1567270304978,"size":74,"inode":844424930667595}},{"name":"C:\\FXServer\\resources\\[system]\\screenshot-basic\\node_modules\\es-to-primitive\\es2015.js","stats":{"mtime":1567270305112,"size":2139,"inode":844424930664798}},{"name":"C:\\FXServer\\resources\\[system]\\screenshot-basic\\node_modules\\es-to-primitive\\es5.js","stats":{"mtime":1567270305112,"size":1199,"inode":844424930664797}},{"name":"C:\\FXServer\\resources\\[system]\\screenshot-basic\\node_modules\\es-to-primitive\\es6.js","stats":{"mtime":1567270305112,"size":53,"inode":844424930664799}},{"name":"C:\\FXServer\\resources\\[system]\\screenshot-basic\\node_modules\\es-to-primitive\\helpers\\isPrimitive.js","stats":{"mtime":1567270305112,"size":136,"inode":844424930667564}},{"name":"C:\\FXServer\\resources\\[system]\\screenshot-basic\\node_modules\\escape-html\\index.js","stats":{"mtime":1567270306696,"size":1362,"inode":844424930664841}},{"name":"C:\\FXServer\\resources\\[system]\\screenshot-basic\\node_modules\\formidable\\lib\\file.js","stats":{"mtime":1567270307020,"size":1643,"inode":844424930667640}},{"name":"C:\\FXServer\\resources\\[system]\\screenshot-basic\\node_modules\\formidable\\lib\\incoming_form.js","stats":{"mtime":1567270307020,"size":13698,"inode":844424930667642}},{"name":"C:\\FXServer\\resources\\[system]\\screenshot-basic\\node_modules\\formidable\\lib\\index.js","stats":{"mtime":1567270307020,"size":133,"inode":844424930667643}},{"name":"C:\\FXServer\\resources\\[system]\\screenshot-basic\\node_modules\\formidable\\lib\\json_parser.js","stats":{"mtime":1567270307020,"size":650,"inode":844424930667641}},{"name":"C:\\FXServer\\resources\\[system]\\screenshot-basic\\node_modules\\formidable\\lib\\multipart_parser.js","stats":{"mtime":1567270307020,"size":8460,"inode":844424930667644}},{"name":"C:\\FXServer\\resources\\[system]\\screenshot-basic\\node_modules\\formidable\\lib\\octet_parser.js","stats":{"mtime":1567270307020,"size":456,"inode":844424930667646}},{"name":"C:\\FXServer\\resources\\[system]\\screenshot-basic\\node_modules\\formidable\\lib\\querystring_parser.js","stats":{"mtime":1567270307020,"size":740,"inode":844424930667647}},{"name":"C:\\FXServer\\resources\\[system]\\screenshot-basic\\node_modules\\fresh\\index.js","stats":{"mtime":1567270306731,"size":2711,"inode":1407374884086239}},{"name":"C:\\FXServer\\resources\\[system]\\screenshot-basic\\node_modules\\function-bind\\implementation.js","stats":{"mtime":1567270304992.0002,"size":1463,"inode":844424930664953}},{"name":"C:\\FXServer\\resources\\[system]\\screenshot-basic\\node_modules\\function-bind\\index.js","stats":{"mtime":1567270304992.0002,"size":126,"inode":844424930664954}},{"name":"C:\\FXServer\\resources\\[system]\\screenshot-basic\\node_modules\\has-flag\\index.js","stats":{"mtime":1567270308357.0002,"size":320,"inode":844424930664979}},{"name":"C:\\FXServer\\resources\\[system]\\screenshot-basic\\node_modules\\has-symbols\\index.js","stats":{"mtime":1567270305226,"size":394,"inode":844424930665001}},{"name":"C:\\FXServer\\resources\\[system]\\screenshot-basic\\node_modules\\has-symbols\\shams.js","stats":{"mtime":1567270305226,"size":1740,"inode":844424930665005}},{"name":"C:\\FXServer\\resources\\[system]\\screenshot-basic\\node_modules\\has\\src\\index.js","stats":{"mtime":1567270304998,"size":129,"inode":844424930667657}},{"name":"C:\\FXServer\\resources\\[system]\\screenshot-basic\\node_modules\\http-assert\\index.js","stats":{"mtime":1567270306970,"size":937,"inode":844424930665089}},{"name":"C:\\FXServer\\resources\\[system]\\screenshot-basic\\node_modules\\http-errors\\index.js","stats":{"mtime":1567270306707,"size":5878,"inode":844424930665045}},{"name":"C:\\FXServer\\resources\\[system]\\screenshot-basic\\node_modules\\iconv-lite\\encodings\\dbcs-codec.js","stats":{"mtime":1567270269944,"size":21415,"inode":844424930667695}},{"name":"C:\\FXServer\\resources\\[system]\\screenshot-basic\\node_modules\\iconv-lite\\encodings\\dbcs-data.js","stats":{"mtime":1567270269944,"size":8291,"inode":844424930667696}},{"name":"C:\\FXServer\\resources\\[system]\\screenshot-basic\\node_modules\\iconv-lite\\encodings\\index.js","stats":{"mtime":1567270269944,"size":710,"inode":844424930667698}},{"name":"C:\\FXServer\\resources\\[system]\\screenshot-basic\\node_modules\\iconv-lite\\encodings\\internal.js","stats":{"mtime":1567270269944,"size":6115,"inode":844424930667697}},{"name":"C:\\FXServer\\resources\\[system]\\screenshot-basic\\node_modules\\iconv-lite\\encodings\\sbcs-codec.js","stats":{"mtime":1567270269944,"size":2191,"inode":844424930667699}},{"name":"C:\\FXServer\\resources\\[system]\\screenshot-basic\\node_modules\\iconv-lite\\encodings\\sbcs-data-generated.js","stats":{"mtime":1567270269944,"size":32034,"inode":844424930667700}},{"name":"C:\\FXServer\\resources\\[system]\\screenshot-basic\\node_modules\\iconv-lite\\encodings\\sbcs-data.js","stats":{"mtime":1567270269944,"size":4686,"inode":844424930667701}},{"name":"C:\\FXServer\\resources\\[system]\\screenshot-basic\\node_modules\\iconv-lite\\encodings\\tables\\big5-added.json","stats":{"mtime":1567270269944,"size":17717,"inode":844424930669320}},{"name":"C:\\FXServer\\resources\\[system]\\screenshot-basic\\node_modules\\iconv-lite\\encodings\\tables\\cp936.json","stats":{"mtime":1567270269944,"size":47320,"inode":844424930669327}},{"name":"C:\\FXServer\\resources\\[system]\\screenshot-basic\\node_modules\\iconv-lite\\encodings\\tables\\cp949.json","stats":{"mtime":1567270269944,"size":38122,"inode":844424930669322}},{"name":"C:\\FXServer\\resources\\[system]\\screenshot-basic\\node_modules\\iconv-lite\\encodings\\tables\\cp950.json","stats":{"mtime":1567270269944,"size":42356,"inode":844424930669324}},{"name":"C:\\FXServer\\resources\\[system]\\screenshot-basic\\node_modules\\iconv-lite\\encodings\\tables\\eucjp.json","stats":{"mtime":1567270269944,"size":41064,"inode":844424930669323}},{"name":"C:\\FXServer\\resources\\[system]\\screenshot-basic\\node_modules\\iconv-lite\\encodings\\tables\\gb18030-ranges.json","stats":{"mtime":1567270269944,"size":2216,"inode":844424930669325}},{"name":"C:\\FXServer\\resources\\[system]\\screenshot-basic\\node_modules\\iconv-lite\\encodings\\tables\\gbk-added.json","stats":{"mtime":1567270269944,"size":1227,"inode":844424930669326}},{"name":"C:\\FXServer\\resources\\[system]\\screenshot-basic\\node_modules\\iconv-lite\\encodings\\tables\\shiftjis.json","stats":{"mtime":1567270269944,"size":23782,"inode":844424930669328}},{"name":"C:\\FXServer\\resources\\[system]\\screenshot-basic\\node_modules\\iconv-lite\\encodings\\utf16.js","stats":{"mtime":1567270269944,"size":5011,"inode":844424930667703}},{"name":"C:\\FXServer\\resources\\[system]\\screenshot-basic\\node_modules\\iconv-lite\\encodings\\utf7.js","stats":{"mtime":1567270269944,"size":9215,"inode":844424930667704}},{"name":"C:\\FXServer\\resources\\[system]\\screenshot-basic\\node_modules\\iconv-lite\\lib\\bom-handling.js","stats":{"mtime":1567270269944,"size":1109,"inode":844424930667690}},{"name":"C:\\FXServer\\resources\\[system]\\screenshot-basic\\node_modules\\iconv-lite\\lib\\extend-node.js","stats":{"mtime":1567270269944,"size":8701,"inode":844424930667692}},{"name":"C:\\FXServer\\resources\\[system]\\screenshot-basic\\node_modules\\iconv-lite\\lib\\index.js","stats":{"mtime":1567270269944,"size":5123,"inode":844424930667693}},{"name":"C:\\FXServer\\resources\\[system]\\screenshot-basic\\node_modules\\iconv-lite\\lib\\streams.js","stats":{"mtime":1567270269944,"size":3387,"inode":844424930667694}},{"name":"C:\\FXServer\\resources\\[system]\\screenshot-basic\\node_modules\\inflation\\index.js","stats":{"mtime":1567270307093,"size":637,"inode":1407374884086387}},{"name":"C:\\FXServer\\resources\\[system]\\screenshot-basic\\node_modules\\inflight\\inflight.js","stats":{"mtime":1567270268161,"size":1365,"inode":844424930665079}},{"name":"C:\\FXServer\\resources\\[system]\\screenshot-basic\\node_modules\\inherits\\inherits.js","stats":{"mtime":1567270265780.9998,"size":250,"inode":844424930665083}},{"name":"C:\\FXServer\\resources\\[system]\\screenshot-basic\\node_modules\\inherits\\inherits_browser.js","stats":{"mtime":1567270265780.9998,"size":753,"inode":844424930665085}},{"name":"C:\\FXServer\\resources\\[system]\\screenshot-basic\\node_modules\\is-callable\\index.js","stats":{"mtime":1567270305186.0002,"size":1113,"inode":844424930665120}},{"name":"C:\\FXServer\\resources\\[system]\\screenshot-basic\\node_modules\\is-date-object\\index.js","stats":{"mtime":1567270305132,"size":551,"inode":844424930665133}},{"name":"C:\\FXServer\\resources\\[system]\\screenshot-basic\\node_modules\\is-generator-function\\index.js","stats":{"mtime":1567270307000,"size":885,"inode":844424930665145}},{"name":"C:\\FXServer\\resources\\[system]\\screenshot-basic\\node_modules\\is-regex\\index.js","stats":{"mtime":1567270305142.9998,"size":918,"inode":844424930665180}},{"name":"C:\\FXServer\\resources\\[system]\\screenshot-basic\\node_modules\\is-symbol\\index.js","stats":{"mtime":1567270305150,"size":767,"inode":844424930665170}},{"name":"C:\\FXServer\\resources\\[system]\\screenshot-basic\\node_modules\\keygrip\\index.js","stats":{"mtime":1567270306908,"size":1664,"inode":844424930665307}},{"name":"C:\\FXServer\\resources\\[system]\\screenshot-basic\\node_modules\\koa-body\\index.d.ts","stats":{"mtime":1567270307007.9998,"size":5400,"inode":844424930665326}},{"name":"C:\\FXServer\\resources\\[system]\\screenshot-basic\\node_modules\\koa-body\\index.js","stats":{"mtime":1567270307007.9998,"size":6205,"inode":844424930665327}},{"name":"C:\\FXServer\\resources\\[system]\\screenshot-basic\\node_modules\\koa-body\\unparsed.js","stats":{"mtime":1567270307007.9998,"size":275,"inode":844424930665331}},{"name":"C:\\FXServer\\resources\\[system]\\screenshot-basic\\node_modules\\koa-compose\\index.js","stats":{"mtime":1567270306761,"size":1189,"inode":844424930665338}},{"name":"C:\\FXServer\\resources\\[system]\\screenshot-basic\\node_modules\\koa-convert\\index.js","stats":{"mtime":1567270306744,"size":1584,"inode":844424930665343}},{"name":"C:\\FXServer\\resources\\[system]\\screenshot-basic\\node_modules\\koa-is-json\\index.js","stats":{"mtime":1567270306808,"size":294,"inode":844424930665334}},{"name":"C:\\FXServer\\resources\\[system]\\screenshot-basic\\node_modules\\koa-router\\lib\\layer.js","stats":{"mtime":1567270307237,"size":5750,"inode":844424930667745}},{"name":"C:\\FXServer\\resources\\[system]\\screenshot-basic\\node_modules\\koa-router\\lib\\router.js","stats":{"mtime":1567270307237,"size":17653,"inode":844424930667747}},{"name":"C:\\FXServer\\resources\\[system]\\screenshot-basic\\node_modules\\koa-router\\node_modules\\debug\\src\\browser.js","stats":{"mtime":1567270269530.9998,"size":6285,"inode":844424930668393}},{"name":"C:\\FXServer\\resources\\[system]\\screenshot-basic\\node_modules\\koa-router\\node_modules\\debug\\src\\common.js","stats":{"mtime":1567270269530.9998,"size":5929,"inode":844424930668396}},{"name":"C:\\FXServer\\resources\\[system]\\screenshot-basic\\node_modules\\koa-router\\node_modules\\debug\\src\\index.js","stats":{"mtime":1567270269530.9998,"size":331,"inode":844424930668395}},{"name":"C:\\FXServer\\resources\\[system]\\screenshot-basic\\node_modules\\koa-router\\node_modules\\debug\\src\\node.js","stats":{"mtime":1567270269530.9998,"size":4361,"inode":844424930668397}},{"name":"C:\\FXServer\\resources\\[system]\\screenshot-basic\\node_modules\\koa-router\\node_modules\\ms\\index.js","stats":{"mtime":1567270269545,"size":3023,"inode":844424930666667}},{"name":"C:\\FXServer\\resources\\[system]\\screenshot-basic\\node_modules\\koa\\lib\\application.js","stats":{"mtime":1567270306545,"size":6043,"inode":844424930667760}},{"name":"C:\\FXServer\\resources\\[system]\\screenshot-basic\\node_modules\\koa\\lib\\context.js","stats":{"mtime":1567270306545,"size":5150,"inode":844424930667758}},{"name":"C:\\FXServer\\resources\\[system]\\screenshot-basic\\node_modules\\koa\\lib\\request.js","stats":{"mtime":1567270306545,"size":14397,"inode":844424930667759}},{"name":"C:\\FXServer\\resources\\[system]\\screenshot-basic\\node_modules\\koa\\lib\\response.js","stats":{"mtime":1567270306545,"size":11251,"inode":844424930667762}},{"name":"C:\\FXServer\\resources\\[system]\\screenshot-basic\\node_modules\\koa\\node_modules\\debug\\src\\browser.js","stats":{"mtime":1567270306662,"size":5707,"inode":844424930668394}},{"name":"C:\\FXServer\\resources\\[system]\\screenshot-basic\\node_modules\\koa\\node_modules\\debug\\src\\debug.js","stats":{"mtime":1567270306662,"size":4889,"inode":844424930668398}},{"name":"C:\\FXServer\\resources\\[system]\\screenshot-basic\\node_modules\\koa\\node_modules\\debug\\src\\index.js","stats":{"mtime":1567270306662,"size":263,"inode":844424930668401}},{"name":"C:\\FXServer\\resources\\[system]\\screenshot-basic\\node_modules\\koa\\node_modules\\debug\\src\\node.js","stats":{"mtime":1567270306662,"size":4339,"inode":844424930668400}},{"name":"C:\\FXServer\\resources\\[system]\\screenshot-basic\\node_modules\\koa\\node_modules\\koa-compose\\index.js","stats":{"mtime":1567270306752,"size":1115,"inode":844424930666672}},{"name":"C:\\FXServer\\resources\\[system]\\screenshot-basic\\node_modules\\media-typer\\index.js","stats":{"mtime":1567270306951,"size":6375,"inode":844424930665386}},{"name":"C:\\FXServer\\resources\\[system]\\screenshot-basic\\node_modules\\methods\\index.js","stats":{"mtime":1567270307286,"size":1040,"inode":844424930665394}},{"name":"C:\\FXServer\\resources\\[system]\\screenshot-basic\\node_modules\\mime-db\\db.json","stats":{"mtime":1567270306917,"size":171444,"inode":844424930665416}},{"name":"C:\\FXServer\\resources\\[system]\\screenshot-basic\\node_modules\\mime-db\\index.js","stats":{"mtime":1567270306917,"size":136,"inode":844424930665418}},{"name":"C:\\FXServer\\resources\\[system]\\screenshot-basic\\node_modules\\mime-types\\index.js","stats":{"mtime":1567270306838,"size":3663,"inode":844424930665412}},{"name":"C:\\FXServer\\resources\\[system]\\screenshot-basic\\node_modules\\minimatch\\minimatch.js","stats":{"mtime":1567270268186.0002,"size":25347,"inode":844424930665427}},{"name":"C:\\FXServer\\resources\\[system]\\screenshot-basic\\node_modules\\mkdirp\\index.js","stats":{"mtime":1567270261486,"size":2630,"inode":844424930666083}},{"name":"C:\\FXServer\\resources\\[system]\\screenshot-basic\\node_modules\\ms\\index.js","stats":{"mtime":1567270267460,"size":2764,"inode":844424930666092}},{"name":"C:\\FXServer\\resources\\[system]\\screenshot-basic\\node_modules\\mv\\index.js","stats":{"mtime":1567270307335,"size":2533,"inode":844424930666097}},{"name":"C:\\FXServer\\resources\\[system]\\screenshot-basic\\node_modules\\mv\\node_modules\\glob\\common.js","stats":{"mtime":1567270307410,"size":5584,"inode":844424930666635}},{"name":"C:\\FXServer\\resources\\[system]\\screenshot-basic\\node_modules\\mv\\node_modules\\glob\\glob.js","stats":{"mtime":1567270307410,"size":18849,"inode":844424930666636}},{"name":"C:\\FXServer\\resources\\[system]\\screenshot-basic\\node_modules\\mv\\node_modules\\glob\\sync.js","stats":{"mtime":1567270307410,"size":11461,"inode":844424930666643}},{"name":"C:\\FXServer\\resources\\[system]\\screenshot-basic\\node_modules\\mv\\node_modules\\rimraf\\rimraf.js","stats":{"mtime":1567270307396,"size":7937,"inode":844424930666692}},{"name":"C:\\FXServer\\resources\\[system]\\screenshot-basic\\node_modules\\ncp\\lib\\ncp.js","stats":{"mtime":1567270307376,"size":6112,"inode":844424930668245}},{"name":"C:\\FXServer\\resources\\[system]\\screenshot-basic\\node_modules\\negotiator\\index.js","stats":{"mtime":1567270306915.9998,"size":3344,"inode":844424930666112}},{"name":"C:\\FXServer\\resources\\[system]\\screenshot-basic\\node_modules\\negotiator\\lib\\charset.js","stats":{"mtime":1567270306915.9998,"size":3081,"inode":844424930668247}},{"name":"C:\\FXServer\\resources\\[system]\\screenshot-basic\\node_modules\\negotiator\\lib\\encoding.js","stats":{"mtime":1567270306915.9998,"size":3506,"inode":844424930668246}},{"name":"C:\\FXServer\\resources\\[system]\\screenshot-basic\\node_modules\\negotiator\\lib\\language.js","stats":{"mtime":1567270306915.9998,"size":3408,"inode":844424930668248}},{"name":"C:\\FXServer\\resources\\[system]\\screenshot-basic\\node_modules\\negotiator\\lib\\mediaType.js","stats":{"mtime":1567270306915.9998,"size":5358,"inode":844424930668250}},{"name":"C:\\FXServer\\resources\\[system]\\screenshot-basic\\node_modules\\object-keys\\implementation.js","stats":{"mtime":1567270304994.9998,"size":3218,"inode":844424930666269}},{"name":"C:\\FXServer\\resources\\[system]\\screenshot-basic\\node_modules\\object-keys\\index.js","stats":{"mtime":1567270304994.9998,"size":823,"inode":844424930666272}},{"name":"C:\\FXServer\\resources\\[system]\\screenshot-basic\\node_modules\\object-keys\\isArguments.js","stats":{"mtime":1567270304994.9998,"size":422,"inode":844424930666273}},{"name":"C:\\FXServer\\resources\\[system]\\screenshot-basic\\node_modules\\on-finished\\index.js","stats":{"mtime":1567270306767,"size":3686,"inode":844424930666295}},{"name":"C:\\FXServer\\resources\\[system]\\screenshot-basic\\node_modules\\once\\once.js","stats":{"mtime":1567270268128,"size":935,"inode":844424930666306}},{"name":"C:\\FXServer\\resources\\[system]\\screenshot-basic\\node_modules\\only\\index.js","stats":{"mtime":1567270306790,"size":247,"inode":844424930666303}},{"name":"C:\\FXServer\\resources\\[system]\\screenshot-basic\\node_modules\\parseurl\\index.js","stats":{"mtime":1567270306800,"size":2809,"inode":844424930666359}},{"name":"C:\\FXServer\\resources\\[system]\\screenshot-basic\\node_modules\\path-is-absolute\\index.js","stats":{"mtime":1567270267107.0002,"size":611,"inode":844424930666367}},{"name":"C:\\FXServer\\resources\\[system]\\screenshot-basic\\node_modules\\path-to-regexp\\index.js","stats":{"mtime":1567270307282,"size":10809,"inode":844424930666377}},{"name":"C:\\FXServer\\resources\\[system]\\screenshot-basic\\node_modules\\path-to-regexp\\node_modules\\isarray\\index.js","stats":{"mtime":1567270307290.9998,"size":120,"inode":844424930666647}},{"name":"C:\\FXServer\\resources\\[system]\\screenshot-basic\\node_modules\\qs\\lib\\formats.js","stats":{"mtime":1567270307066,"size":521,"inode":844424930668353}},{"name":"C:\\FXServer\\resources\\[system]\\screenshot-basic\\node_modules\\qs\\lib\\index.js","stats":{"mtime":1567270307066,"size":211,"inode":844424930668357}},{"name":"C:\\FXServer\\resources\\[system]\\screenshot-basic\\node_modules\\qs\\lib\\parse.js","stats":{"mtime":1567270307066,"size":8635,"inode":844424930668360}},{"name":"C:\\FXServer\\resources\\[system]\\screenshot-basic\\node_modules\\qs\\lib\\stringify.js","stats":{"mtime":1567270307066,"size":8553,"inode":844424930668359}},{"name":"C:\\FXServer\\resources\\[system]\\screenshot-basic\\node_modules\\qs\\lib\\utils.js","stats":{"mtime":1567270307066,"size":6331,"inode":844424930668358}},{"name":"C:\\FXServer\\resources\\[system]\\screenshot-basic\\node_modules\\raw-body\\index.js","stats":{"mtime":1567270307131,"size":6059,"inode":844424930666489}},{"name":"C:\\FXServer\\resources\\[system]\\screenshot-basic\\node_modules\\safer-buffer\\safer.js","stats":{"mtime":1567270270522,"size":2110,"inode":844424930666590}},{"name":"C:\\FXServer\\resources\\[system]\\screenshot-basic\\node_modules\\setprototypeof\\index.js","stats":{"mtime":1567270306899,"size":384,"inode":844424930666726}},{"name":"C:\\FXServer\\resources\\[system]\\screenshot-basic\\node_modules\\statuses\\codes.json","stats":{"mtime":1567270306821,"size":1821,"inode":844424930666812}},{"name":"C:\\FXServer\\resources\\[system]\\screenshot-basic\\node_modules\\statuses\\index.js","stats":{"mtime":1567270306821,"size":2088,"inode":844424930666814}},{"name":"C:\\FXServer\\resources\\[system]\\screenshot-basic\\node_modules\\supports-color\\index.js","stats":{"mtime":1567270307594.0002,"size":2771,"inode":844424930666843}},{"name":"C:\\FXServer\\resources\\[system]\\screenshot-basic\\node_modules\\toidentifier\\index.js","stats":{"mtime":1567270306901,"size":490,"inode":844424930666894}},{"name":"C:\\FXServer\\resources\\[system]\\screenshot-basic\\node_modules\\type-is\\index.js","stats":{"mtime":1567270306892.9998,"size":5562,"inode":844424930666928}},{"name":"C:\\FXServer\\resources\\[system]\\screenshot-basic\\node_modules\\typescript\\lib\\lib.es2015.collection.d.ts","stats":{"mtime":1567270308602,"size":2924,"inode":844424930668511}},{"name":"C:\\FXServer\\resources\\[system]\\screenshot-basic\\node_modules\\typescript\\lib\\lib.es2015.core.d.ts","stats":{"mtime":1567270308602,"size":20413,"inode":844424930668510}},{"name":"C:\\FXServer\\resources\\[system]\\screenshot-basic\\node_modules\\typescript\\lib\\lib.es2015.d.ts","stats":{"mtime":1567270308602,"size":1261,"inode":844424930668513}},{"name":"C:\\FXServer\\resources\\[system]\\screenshot-basic\\node_modules\\typescript\\lib\\lib.es2015.generator.d.ts","stats":{"mtime":1567270308602,"size":2621,"inode":844424930668512}},{"name":"C:\\FXServer\\resources\\[system]\\screenshot-basic\\node_modules\\typescript\\lib\\lib.es2015.iterable.d.ts","stats":{"mtime":1567270308602,"size":15415,"inode":844424930668514}},{"name":"C:\\FXServer\\resources\\[system]\\screenshot-basic\\node_modules\\typescript\\lib\\lib.es2015.promise.d.ts","stats":{"mtime":1567270308602,"size":7263,"inode":844424930668516}},{"name":"C:\\FXServer\\resources\\[system]\\screenshot-basic\\node_modules\\typescript\\lib\\lib.es2015.proxy.d.ts","stats":{"mtime":1567270308602,"size":1984,"inode":844424930668515}},{"name":"C:\\FXServer\\resources\\[system]\\screenshot-basic\\node_modules\\typescript\\lib\\lib.es2015.reflect.d.ts","stats":{"mtime":1567270308602,"size":1929,"inode":844424930668517}},{"name":"C:\\FXServer\\resources\\[system]\\screenshot-basic\\node_modules\\typescript\\lib\\lib.es2015.symbol.d.ts","stats":{"mtime":1567270308602,"size":1685,"inode":844424930668518}},{"name":"C:\\FXServer\\resources\\[system]\\screenshot-basic\\node_modules\\typescript\\lib\\lib.es2015.symbol.wellknown.d.ts","stats":{"mtime":1567270308602,"size":10555,"inode":844424930668519}},{"name":"C:\\FXServer\\resources\\[system]\\screenshot-basic\\node_modules\\typescript\\lib\\lib.es2016.array.include.d.ts","stats":{"mtime":1567270308602,"size":4968,"inode":844424930668520}},{"name":"C:\\FXServer\\resources\\[system]\\screenshot-basic\\node_modules\\typescript\\lib\\lib.es2016.d.ts","stats":{"mtime":1567270308602,"size":939,"inode":844424930668521}},{"name":"C:\\FXServer\\resources\\[system]\\screenshot-basic\\node_modules\\typescript\\lib\\lib.es2017.d.ts","stats":{"mtime":1567270308602,"size":1099,"inode":844424930668523}},{"name":"C:\\FXServer\\resources\\[system]\\screenshot-basic\\node_modules\\typescript\\lib\\lib.es2017.intl.d.ts","stats":{"mtime":1567270308602,"size":1266,"inode":844424930668525}},{"name":"C:\\FXServer\\resources\\[system]\\screenshot-basic\\node_modules\\typescript\\lib\\lib.es2017.object.d.ts","stats":{"mtime":1567270308602,"size":2493,"inode":844424930668526}},{"name":"C:\\FXServer\\resources\\[system]\\screenshot-basic\\node_modules\\typescript\\lib\\lib.es2017.sharedmemory.d.ts","stats":{"mtime":1567270308602,"size":6270,"inode":844424930668527}},{"name":"C:\\FXServer\\resources\\[system]\\screenshot-basic\\node_modules\\typescript\\lib\\lib.es2017.string.d.ts","stats":{"mtime":1567270308602,"size":2415,"inode":844424930668528}},{"name":"C:\\FXServer\\resources\\[system]\\screenshot-basic\\node_modules\\typescript\\lib\\lib.es2017.typedarrays.d.ts","stats":{"mtime":1567270308602,"size":1470,"inode":844424930668529}},{"name":"C:\\FXServer\\resources\\[system]\\screenshot-basic\\node_modules\\typescript\\lib\\lib.es2018.asyncgenerator.d.ts","stats":{"mtime":1567270308602,"size":2777,"inode":844424930668531}},{"name":"C:\\FXServer\\resources\\[system]\\screenshot-basic\\node_modules\\typescript\\lib\\lib.es2018.asynciterable.d.ts","stats":{"mtime":1567270308602,"size":1801,"inode":844424930668530}},{"name":"C:\\FXServer\\resources\\[system]\\screenshot-basic\\node_modules\\typescript\\lib\\lib.es2018.d.ts","stats":{"mtime":1567270308602,"size":1104,"inode":844424930668533}},{"name":"C:\\FXServer\\resources\\[system]\\screenshot-basic\\node_modules\\typescript\\lib\\lib.es2018.intl.d.ts","stats":{"mtime":1567270308602,"size":1853,"inode":844424930668534}},{"name":"C:\\FXServer\\resources\\[system]\\screenshot-basic\\node_modules\\typescript\\lib\\lib.es2018.promise.d.ts","stats":{"mtime":1567270308602,"size":1374,"inode":844424930668535}},{"name":"C:\\FXServer\\resources\\[system]\\screenshot-basic\\node_modules\\typescript\\lib\\lib.es2018.regexp.d.ts","stats":{"mtime":1567270308602,"size":1255,"inode":844424930668536}},{"name":"C:\\FXServer\\resources\\[system]\\screenshot-basic\\node_modules\\typescript\\lib\\lib.es5.d.ts","stats":{"mtime":1567270308602,"size":207082,"inode":844424930668549}},{"name":"C:\\FXServer\\resources\\[system]\\screenshot-basic\\node_modules\\typescript\\lib\\lib.esnext.bigint.d.ts","stats":{"mtime":1567270308602,"size":31338,"inode":844424930668551}},{"name":"C:\\FXServer\\resources\\[system]\\screenshot-basic\\node_modules\\typescript\\lib\\lib.esnext.intl.d.ts","stats":{"mtime":1567270308602,"size":1268,"inode":844424930668554}},{"name":"C:\\FXServer\\resources\\[system]\\screenshot-basic\\node_modules\\unpipe\\index.js","stats":{"mtime":1567270307153.0002,"size":1118,"inode":844424930666962}},{"name":"C:\\FXServer\\resources\\[system]\\screenshot-basic\\node_modules\\urijs\\src\\IPv6.js","stats":{"mtime":1567270307299,"size":4422,"inode":844424930668609}},{"name":"C:\\FXServer\\resources\\[system]\\screenshot-basic\\node_modules\\urijs\\src\\SecondLevelDomains.js","stats":{"mtime":1567270307299,"size":12088,"inode":844424930668613}},{"name":"C:\\FXServer\\resources\\[system]\\screenshot-basic\\node_modules\\urijs\\src\\URI.js","stats":{"mtime":1567270307299,"size":66172,"inode":844424930668617}},{"name":"C:\\FXServer\\resources\\[system]\\screenshot-basic\\node_modules\\urijs\\src\\punycode.js","stats":{"mtime":1567270307299,"size":14670,"inode":844424930668614}},{"name":"C:\\FXServer\\resources\\[system]\\screenshot-basic\\node_modules\\uuid\\lib\\bytesToUuid.js","stats":{"mtime":1567270308613,"size":747,"inode":844424930668633}},{"name":"C:\\FXServer\\resources\\[system]\\screenshot-basic\\node_modules\\uuid\\lib\\rng.js","stats":{"mtime":1567270308613,"size":246,"inode":844424930668639}},{"name":"C:\\FXServer\\resources\\[system]\\screenshot-basic\\node_modules\\uuid\\v4.js","stats":{"mtime":1567270308613,"size":680,"inode":844424930667041}},{"name":"C:\\FXServer\\resources\\[system]\\screenshot-basic\\node_modules\\vary\\index.js","stats":{"mtime":1567270306823,"size":2930,"inode":844424930667052}},{"name":"C:\\FXServer\\resources\\[system]\\screenshot-basic\\node_modules\\wrappy\\wrappy.js","stats":{"mtime":1567270269218,"size":905,"inode":844424930667063}},{"name":"C:\\FXServer\\resources\\[system]\\screenshot-basic\\node_modules\\ylru\\index.js","stats":{"mtime":1567270306840,"size":2337,"inode":844424930667087}},{"name":"C:\\FXServer\\resources\\[system]\\screenshot-basic\\src\\server\\server.ts","stats":{"mtime":1547563432000,"size":2491,"inode":844424930646834}},{"name":"C:\\FXServer\\resources\\[system]\\screenshot-basic\\src\\server\\types\\@citizenfx\\http-wrapper.d.ts","stats":{"mtime":1547563432000,"size":60,"inode":844424930646838}}]