[{"name":"C:\\FXServer\\resources\\[system]\\[builders]\\webpack\\node_modules\\webpack\\buildin\\global.js","stats":{"mtime":1567270260165.9998,"size":472,"inode":844424930657676}},{"name":"C:\\FXServer\\resources\\[system]\\[builders]\\webpack\\node_modules\\webpack\\buildin\\module.js","stats":{"mtime":1567270260165.9998,"size":497,"inode":844424930657675}},{"name":"C:\\FXServer\\resources\\[system]\\screenshot-basic\\node_modules\\lodash\\lodash.js","stats":{"mtime":1567270260188,"size":540512,"inode":844424930665610}},{"name":"C:\\FXServer\\resources\\[system]\\screenshot-basic\\ui\\index.html","stats":{"mtime":1547563432000,"size":256,"inode":844424930646841}},{"name":"C:\\FXServer\\resources\\[system]\\[builders]\\webpack\\node_modules\\webpack\\buildin\\global.js","stats":{"mtime":1567270260165.9998,"size":472,"inode":844424930657676}},{"name":"C:\\FXServer\\resources\\[system]\\[builders]\\webpack\\node_modules\\webpack\\buildin\\module.js","stats":{"mtime":1567270260165.9998,"size":497,"inode":844424930657675}},{"name":"C:\\FXServer\\resources\\[system]\\screenshot-basic\\node_modules\\@citizenfx\\three\\build\\three.module.js","stats":{"mtime":1567270305280.9998,"size":1128130,"inode":844424930667349}},{"name":"C:\\FXServer\\resources\\[system]\\screenshot-basic\\node_modules\\@types\\accepts\\index.d.ts","stats":{"mtime":1567270305320,"size":4617,"inode":844424930664061}},{"name":"C:\\FXServer\\resources\\[system]\\screenshot-basic\\node_modules\\@types\\accepts\\node_modules\\@types\\node\\assert.d.ts","stats":{"mtime":1567270305448.9998,"size":2950,"inode":1407374884085665}},{"name":"C:\\FXServer\\resources\\[system]\\screenshot-basic\\node_modules\\@types\\accepts\\node_modules\\@types\\node\\async_hooks.d.ts","stats":{"mtime":1567270305448.9998,"size":5291,"inode":844424930664355}},{"name":"C:\\FXServer\\resources\\[system]\\screenshot-basic\\node_modules\\@types\\accepts\\node_modules\\@types\\node\\base.d.ts","stats":{"mtime":1567270305448.9998,"size":1588,"inode":844424930664354}},{"name":"C:\\FXServer\\resources\\[system]\\screenshot-basic\\node_modules\\@types\\accepts\\node_modules\\@types\\node\\buffer.d.ts","stats":{"mtime":1567270305448.9998,"size":706,"inode":844424930664357}},{"name":"C:\\FXServer\\resources\\[system]\\screenshot-basic\\node_modules\\@types\\accepts\\node_modules\\@types\\node\\child_process.d.ts","stats":{"mtime":1567270305448.9998,"size":19866,"inode":844424930664358}},{"name":"C:\\FXServer\\resources\\[system]\\screenshot-basic\\node_modules\\@types\\accepts\\node_modules\\@types\\node\\cluster.d.ts","stats":{"mtime":1567270305448.9998,"size":16049,"inode":844424930664356}},{"name":"C:\\FXServer\\resources\\[system]\\screenshot-basic\\node_modules\\@types\\accepts\\node_modules\\@types\\node\\console.d.ts","stats":{"mtime":1567270305448.9998,"size":51,"inode":844424930664359}},{"name":"C:\\FXServer\\resources\\[system]\\screenshot-basic\\node_modules\\@types\\accepts\\node_modules\\@types\\node\\constants.d.ts","stats":{"mtime":1567270305448.9998,"size":8902,"inode":844424930664360}},{"name":"C:\\FXServer\\resources\\[system]\\screenshot-basic\\node_modules\\@types\\accepts\\node_modules\\@types\\node\\crypto.d.ts","stats":{"mtime":1567270305448.9998,"size":29597,"inode":844424930664363}},{"name":"C:\\FXServer\\resources\\[system]\\screenshot-basic\\node_modules\\@types\\accepts\\node_modules\\@types\\node\\dgram.d.ts","stats":{"mtime":1567270305448.9998,"size":4669,"inode":844424930664362}},{"name":"C:\\FXServer\\resources\\[system]\\screenshot-basic\\node_modules\\@types\\accepts\\node_modules\\@types\\node\\dns.d.ts","stats":{"mtime":1567270305448.9998,"size":16002,"inode":844424930664361}},{"name":"C:\\FXServer\\resources\\[system]\\screenshot-basic\\node_modules\\@types\\accepts\\node_modules\\@types\\node\\domain.d.ts","stats":{"mtime":1567270305448.9998,"size":568,"inode":844424930664364}},{"name":"C:\\FXServer\\resources\\[system]\\screenshot-basic\\node_modules\\@types\\accepts\\node_modules\\@types\\node\\events.d.ts","stats":{"mtime":1567270305448.9998,"size":1532,"inode":844424930664365}},{"name":"C:\\FXServer\\resources\\[system]\\screenshot-basic\\node_modules\\@types\\accepts\\node_modules\\@types\\node\\fs.d.ts","stats":{"mtime":1567270305448.9998,"size":126132,"inode":844424930664369}},{"name":"C:\\FXServer\\resources\\[system]\\screenshot-basic\\node_modules\\@types\\accepts\\node_modules\\@types\\node\\globals.d.ts","stats":{"mtime":1567270305448.9998,"size":46765,"inode":844424930664366}},{"name":"C:\\FXServer\\resources\\[system]\\screenshot-basic\\node_modules\\@types\\accepts\\node_modules\\@types\\node\\http.d.ts","stats":{"mtime":1567270305448.9998,"size":16711,"inode":844424930664367}},{"name":"C:\\FXServer\\resources\\[system]\\screenshot-basic\\node_modules\\@types\\accepts\\node_modules\\@types\\node\\http2.d.ts","stats":{"mtime":1567270305448.9998,"size":56517,"inode":844424930664368}},{"name":"C:\\FXServer\\resources\\[system]\\screenshot-basic\\node_modules\\@types\\accepts\\node_modules\\@types\\node\\https.d.ts","stats":{"mtime":1567270305448.9998,"size":2325,"inode":1125899907375026}},{"name":"C:\\FXServer\\resources\\[system]\\screenshot-basic\\node_modules\\@types\\accepts\\node_modules\\@types\\node\\inspector.d.ts","stats":{"mtime":1567270305448.9998,"size":121692,"inode":1125899907375027}},{"name":"C:\\FXServer\\resources\\[system]\\screenshot-basic\\node_modules\\@types\\accepts\\node_modules\\@types\\node\\module.d.ts","stats":{"mtime":1567270305448.9998,"size":56,"inode":844424930664378}},{"name":"C:\\FXServer\\resources\\[system]\\screenshot-basic\\node_modules\\@types\\accepts\\node_modules\\@types\\node\\net.d.ts","stats":{"mtime":1567270305448.9998,"size":11867,"inode":844424930664376}},{"name":"C:\\FXServer\\resources\\[system]\\screenshot-basic\\node_modules\\@types\\accepts\\node_modules\\@types\\node\\os.d.ts","stats":{"mtime":1567270305448.9998,"size":5736,"inode":844424930664375}},{"name":"C:\\FXServer\\resources\\[system]\\screenshot-basic\\node_modules\\@types\\accepts\\node_modules\\@types\\node\\path.d.ts","stats":{"mtime":1567270305448.9998,"size":5932,"inode":844424930664379}},{"name":"C:\\FXServer\\resources\\[system]\\screenshot-basic\\node_modules\\@types\\accepts\\node_modules\\@types\\node\\perf_hooks.d.ts","stats":{"mtime":1567270305448.9998,"size":11188,"inode":844424930664381}},{"name":"C:\\FXServer\\resources\\[system]\\screenshot-basic\\node_modules\\@types\\accepts\\node_modules\\@types\\node\\process.d.ts","stats":{"mtime":1567270305448.9998,"size":51,"inode":844424930664382}},{"name":"C:\\FXServer\\resources\\[system]\\screenshot-basic\\node_modules\\@types\\accepts\\node_modules\\@types\\node\\punycode.d.ts","stats":{"mtime":1567270305448.9998,"size":378,"inode":844424930664383}},{"name":"C:\\FXServer\\resources\\[system]\\screenshot-basic\\node_modules\\@types\\accepts\\node_modules\\@types\\node\\querystring.d.ts","stats":{"mtime":1567270305448.9998,"size":1117,"inode":844424930664380}},{"name":"C:\\FXServer\\resources\\[system]\\screenshot-basic\\node_modules\\@types\\accepts\\node_modules\\@types\\node\\readline.d.ts","stats":{"mtime":1567270305448.9998,"size":6604,"inode":844424930664384}},{"name":"C:\\FXServer\\resources\\[system]\\screenshot-basic\\node_modules\\@types\\accepts\\node_modules\\@types\\node\\repl.d.ts","stats":{"mtime":1567270305448.9998,"size":17736,"inode":844424930664389}},{"name":"C:\\FXServer\\resources\\[system]\\screenshot-basic\\node_modules\\@types\\accepts\\node_modules\\@types\\node\\stream.d.ts","stats":{"mtime":1567270305448.9998,"size":16957,"inode":844424930664390}},{"name":"C:\\FXServer\\resources\\[system]\\screenshot-basic\\node_modules\\@types\\accepts\\node_modules\\@types\\node\\string_decoder.d.ts","stats":{"mtime":1567270305448.9998,"size":185,"inode":844424930664386}},{"name":"C:\\FXServer\\resources\\[system]\\screenshot-basic\\node_modules\\@types\\accepts\\node_modules\\@types\\node\\timers.d.ts","stats":{"mtime":1567270305448.9998,"size":826,"inode":844424930664387}},{"name":"C:\\FXServer\\resources\\[system]\\screenshot-basic\\node_modules\\@types\\accepts\\node_modules\\@types\\node\\tls.d.ts","stats":{"mtime":1567270305448.9998,"size":21079,"inode":844424930664388}},{"name":"C:\\FXServer\\resources\\[system]\\screenshot-basic\\node_modules\\@types\\accepts\\node_modules\\@types\\node\\trace_events.d.ts","stats":{"mtime":1567270305448.9998,"size":2122,"inode":844424930664392}},{"name":"C:\\FXServer\\resources\\[system]\\screenshot-basic\\node_modules\\@types\\accepts\\node_modules\\@types\\node\\ts3.2\\globals.d.ts","stats":{"mtime":1567270305448.9998,"size":640,"inode":844424930667442}},{"name":"C:\\FXServer\\resources\\[system]\\screenshot-basic\\node_modules\\@types\\accepts\\node_modules\\@types\\node\\ts3.2\\index.d.ts","stats":{"mtime":1567270305448.9998,"size":886,"inode":844424930667443}},{"name":"C:\\FXServer\\resources\\[system]\\screenshot-basic\\node_modules\\@types\\accepts\\node_modules\\@types\\node\\ts3.2\\util.d.ts","stats":{"mtime":1567270305448.9998,"size":416,"inode":844424930667445}},{"name":"C:\\FXServer\\resources\\[system]\\screenshot-basic\\node_modules\\@types\\accepts\\node_modules\\@types\\node\\tty.d.ts","stats":{"mtime":1567270305448.9998,"size":2381,"inode":844424930664391}},{"name":"C:\\FXServer\\resources\\[system]\\screenshot-basic\\node_modules\\@types\\accepts\\node_modules\\@types\\node\\url.d.ts","stats":{"mtime":1567270305448.9998,"size":3562,"inode":844424930664394}},{"name":"C:\\FXServer\\resources\\[system]\\screenshot-basic\\node_modules\\@types\\accepts\\node_modules\\@types\\node\\util.d.ts","stats":{"mtime":1567270305448.9998,"size":11255,"inode":844424930664393}},{"name":"C:\\FXServer\\resources\\[system]\\screenshot-basic\\node_modules\\@types\\accepts\\node_modules\\@types\\node\\v8.d.ts","stats":{"mtime":1567270305448.9998,"size":2010,"inode":844424930664395}},{"name":"C:\\FXServer\\resources\\[system]\\screenshot-basic\\node_modules\\@types\\accepts\\node_modules\\@types\\node\\vm.d.ts","stats":{"mtime":1567270305448.9998,"size":3701,"inode":844424930664396}},{"name":"C:\\FXServer\\resources\\[system]\\screenshot-basic\\node_modules\\@types\\accepts\\node_modules\\@types\\node\\worker_threads.d.ts","stats":{"mtime":1567270305448.9998,"size":7325,"inode":844424930664398}},{"name":"C:\\FXServer\\resources\\[system]\\screenshot-basic\\node_modules\\@types\\accepts\\node_modules\\@types\\node\\zlib.d.ts","stats":{"mtime":1567270305448.9998,"size":12194,"inode":844424930664399}},{"name":"C:\\FXServer\\resources\\[system]\\screenshot-basic\\node_modules\\@types\\body-parser\\index.d.ts","stats":{"mtime":1567270305475,"size":1824,"inode":844424930664256}},{"name":"C:\\FXServer\\resources\\[system]\\screenshot-basic\\node_modules\\@types\\connect\\index.d.ts","stats":{"mtime":1567270305405.9998,"size":3415,"inode":844424930664086}},{"name":"C:\\FXServer\\resources\\[system]\\screenshot-basic\\node_modules\\@types\\cookies\\index.d.ts","stats":{"mtime":1567270305386,"size":5807,"inode":844424930664089}},{"name":"C:\\FXServer\\resources\\[system]\\screenshot-basic\\node_modules\\@types\\events\\index.d.ts","stats":{"mtime":1567270307119.9998,"size":1273,"inode":844424930664093}},{"name":"C:\\FXServer\\resources\\[system]\\screenshot-basic\\node_modules\\@types\\express-serve-static-core\\index.d.ts","stats":{"mtime":1567270305453,"size":34848,"inode":844424930664101}},{"name":"C:\\FXServer\\resources\\[system]\\screenshot-basic\\node_modules\\@types\\express\\index.d.ts","stats":{"mtime":1567270305410,"size":3551,"inode":844424930664098}},{"name":"C:\\FXServer\\resources\\[system]\\screenshot-basic\\node_modules\\@types\\formidable\\index.d.ts","stats":{"mtime":1567270307032,"size":1384,"inode":844424930664108}},{"name":"C:\\FXServer\\resources\\[system]\\screenshot-basic\\node_modules\\@types\\http-assert\\index.d.ts","stats":{"mtime":1567270305303,"size":1885,"inode":844424930664117}},{"name":"C:\\FXServer\\resources\\[system]\\screenshot-basic\\node_modules\\@types\\keygrip\\index.d.ts","stats":{"mtime":1567270305366,"size":610,"inode":844424930664110}},{"name":"C:\\FXServer\\resources\\[system]\\screenshot-basic\\node_modules\\@types\\koa-compose\\index.d.ts","stats":{"mtime":1567270305368,"size":2628,"inode":844424930664120}},{"name":"C:\\FXServer\\resources\\[system]\\screenshot-basic\\node_modules\\@types\\koa-router\\index.d.ts","stats":{"mtime":1567270305502,"size":17004,"inode":844424930664235}},{"name":"C:\\FXServer\\resources\\[system]\\screenshot-basic\\node_modules\\@types\\koa\\index.d.ts","stats":{"mtime":1567270305283,"size":18747,"inode":844424930664115}},{"name":"C:\\FXServer\\resources\\[system]\\screenshot-basic\\node_modules\\@types\\mime\\index.d.ts","stats":{"mtime":1567270305494.9998,"size":627,"inode":844424930664245}},{"name":"C:\\FXServer\\resources\\[system]\\screenshot-basic\\node_modules\\@types\\mv\\index.d.ts","stats":{"mtime":1567270305522,"size":538,"inode":844424930664130}},{"name":"C:\\FXServer\\resources\\[system]\\screenshot-basic\\node_modules\\@types\\range-parser\\index.d.ts","stats":{"mtime":1567270305479,"size":1224,"inode":844424930664178}},{"name":"C:\\FXServer\\resources\\[system]\\screenshot-basic\\node_modules\\@types\\serve-static\\index.d.ts","stats":{"mtime":1567270305477,"size":4479,"inode":844424930664126}},{"name":"C:\\FXServer\\resources\\[system]\\screenshot-basic\\node_modules\\@types\\uuid\\index.d.ts","stats":{"mtime":1567270305554,"size":748,"inode":1407374884085565}},{"name":"C:\\FXServer\\resources\\[system]\\screenshot-basic\\node_modules\\@types\\uuid\\interfaces.d.ts","stats":{"mtime":1567270305554,"size":1014,"inode":844424930664255}},{"name":"C:\\FXServer\\resources\\[system]\\screenshot-basic\\node_modules\\lodash\\lodash.js","stats":{"mtime":1567270260188,"size":540512,"inode":844424930665610}},{"name":"C:\\FXServer\\resources\\[system]\\screenshot-basic\\node_modules\\typescript\\lib\\lib.dom.d.ts","stats":{"mtime":1567270308602,"size":837606,"inode":844424930668509}},{"name":"C:\\FXServer\\resources\\[system]\\screenshot-basic\\node_modules\\typescript\\lib\\lib.es2015.collection.d.ts","stats":{"mtime":1567270308602,"size":2924,"inode":844424930668511}},{"name":"C:\\FXServer\\resources\\[system]\\screenshot-basic\\node_modules\\typescript\\lib\\lib.es2015.core.d.ts","stats":{"mtime":1567270308602,"size":20413,"inode":844424930668510}},{"name":"C:\\FXServer\\resources\\[system]\\screenshot-basic\\node_modules\\typescript\\lib\\lib.es2015.d.ts","stats":{"mtime":1567270308602,"size":1261,"inode":844424930668513}},{"name":"C:\\FXServer\\resources\\[system]\\screenshot-basic\\node_modules\\typescript\\lib\\lib.es2015.generator.d.ts","stats":{"mtime":1567270308602,"size":2621,"inode":844424930668512}},{"name":"C:\\FXServer\\resources\\[system]\\screenshot-basic\\node_modules\\typescript\\lib\\lib.es2015.iterable.d.ts","stats":{"mtime":1567270308602,"size":15415,"inode":844424930668514}},{"name":"C:\\FXServer\\resources\\[system]\\screenshot-basic\\node_modules\\typescript\\lib\\lib.es2015.promise.d.ts","stats":{"mtime":1567270308602,"size":7263,"inode":844424930668516}},{"name":"C:\\FXServer\\resources\\[system]\\screenshot-basic\\node_modules\\typescript\\lib\\lib.es2015.proxy.d.ts","stats":{"mtime":1567270308602,"size":1984,"inode":844424930668515}},{"name":"C:\\FXServer\\resources\\[system]\\screenshot-basic\\node_modules\\typescript\\lib\\lib.es2015.reflect.d.ts","stats":{"mtime":1567270308602,"size":1929,"inode":844424930668517}},{"name":"C:\\FXServer\\resources\\[system]\\screenshot-basic\\node_modules\\typescript\\lib\\lib.es2015.symbol.d.ts","stats":{"mtime":1567270308602,"size":1685,"inode":844424930668518}},{"name":"C:\\FXServer\\resources\\[system]\\screenshot-basic\\node_modules\\typescript\\lib\\lib.es2015.symbol.wellknown.d.ts","stats":{"mtime":1567270308602,"size":10555,"inode":844424930668519}},{"name":"C:\\FXServer\\resources\\[system]\\screenshot-basic\\node_modules\\typescript\\lib\\lib.es2016.array.include.d.ts","stats":{"mtime":1567270308602,"size":4968,"inode":844424930668520}},{"name":"C:\\FXServer\\resources\\[system]\\screenshot-basic\\node_modules\\typescript\\lib\\lib.es2016.d.ts","stats":{"mtime":1567270308602,"size":939,"inode":844424930668521}},{"name":"C:\\FXServer\\resources\\[system]\\screenshot-basic\\node_modules\\typescript\\lib\\lib.es2017.d.ts","stats":{"mtime":1567270308602,"size":1099,"inode":844424930668523}},{"name":"C:\\FXServer\\resources\\[system]\\screenshot-basic\\node_modules\\typescript\\lib\\lib.es2017.intl.d.ts","stats":{"mtime":1567270308602,"size":1266,"inode":844424930668525}},{"name":"C:\\FXServer\\resources\\[system]\\screenshot-basic\\node_modules\\typescript\\lib\\lib.es2017.object.d.ts","stats":{"mtime":1567270308602,"size":2493,"inode":844424930668526}},{"name":"C:\\FXServer\\resources\\[system]\\screenshot-basic\\node_modules\\typescript\\lib\\lib.es2017.sharedmemory.d.ts","stats":{"mtime":1567270308602,"size":6270,"inode":844424930668527}},{"name":"C:\\FXServer\\resources\\[system]\\screenshot-basic\\node_modules\\typescript\\lib\\lib.es2017.string.d.ts","stats":{"mtime":1567270308602,"size":2415,"inode":844424930668528}},{"name":"C:\\FXServer\\resources\\[system]\\screenshot-basic\\node_modules\\typescript\\lib\\lib.es2017.typedarrays.d.ts","stats":{"mtime":1567270308602,"size":1470,"inode":844424930668529}},{"name":"C:\\FXServer\\resources\\[system]\\screenshot-basic\\node_modules\\typescript\\lib\\lib.es2018.asyncgenerator.d.ts","stats":{"mtime":1567270308602,"size":2777,"inode":844424930668531}},{"name":"C:\\FXServer\\resources\\[system]\\screenshot-basic\\node_modules\\typescript\\lib\\lib.es2018.asynciterable.d.ts","stats":{"mtime":1567270308602,"size":1801,"inode":844424930668530}},{"name":"C:\\FXServer\\resources\\[system]\\screenshot-basic\\node_modules\\typescript\\lib\\lib.es2018.d.ts","stats":{"mtime":1567270308602,"size":1104,"inode":844424930668533}},{"name":"C:\\FXServer\\resources\\[system]\\screenshot-basic\\node_modules\\typescript\\lib\\lib.es2018.intl.d.ts","stats":{"mtime":1567270308602,"size":1853,"inode":844424930668534}},{"name":"C:\\FXServer\\resources\\[system]\\screenshot-basic\\node_modules\\typescript\\lib\\lib.es2018.promise.d.ts","stats":{"mtime":1567270308602,"size":1374,"inode":844424930668535}},{"name":"C:\\FXServer\\resources\\[system]\\screenshot-basic\\node_modules\\typescript\\lib\\lib.es2018.regexp.d.ts","stats":{"mtime":1567270308602,"size":1255,"inode":844424930668536}},{"name":"C:\\FXServer\\resources\\[system]\\screenshot-basic\\node_modules\\typescript\\lib\\lib.es5.d.ts","stats":{"mtime":1567270308602,"size":207082,"inode":844424930668549}},{"name":"C:\\FXServer\\resources\\[system]\\screenshot-basic\\node_modules\\typescript\\lib\\lib.esnext.bigint.d.ts","stats":{"mtime":1567270308602,"size":31338,"inode":844424930668551}},{"name":"C:\\FXServer\\resources\\[system]\\screenshot-basic\\node_modules\\typescript\\lib\\lib.esnext.intl.d.ts","stats":{"mtime":1567270308602,"size":1268,"inode":844424930668554}},{"name":"C:\\FXServer\\resources\\[system]\\screenshot-basic\\ui\\index.html","stats":{"mtime":1547563432000,"size":256,"inode":844424930646841}},{"name":"C:\\FXServer\\resources\\[system]\\screenshot-basic\\ui\\src\\main.ts","stats":{"mtime":1547563432000,"size":5617,"inode":844424930646843}}]